{"45201@N83": 22.98121953010559, "62322@N94": 23.912330627441406, "23175@N26": 57.819308280944824, "49207@N9": 202.21477246284485, "32731@N37": 130.76824522018433, "60519@N0": 827.3684186935425, "31174@N7": 85.47537326812744, "40839@N16": 20.438634872436523, "65801@N99": 41.5958206653595, "30820@N66": 29.107691049575806, "3911@N31": 56.367128133773804, "47462@N92": 51.517555236816406, "46873@N31": 42.47166991233826, "30769@N99": 186.04666090011597, "50142@N86": 93.28079032897949, "29644@N85": 38.08538866043091, "44801@N60": 45.85735511779785, "47734@N37": 41.466450214385986, "1516@N45": 141.13592195510864, "31543@N61": 62.52834630012512, "6368@N51": 117.20534801483154, "24511@N37": 37.561830282211304, "42543@N97": 86.28832674026489, "11869@N5": 46.9866042137146, "23913@N97": 78.90700006484985, "31253@N15": 1052.9334952831268, "3175@N73": 44.965025424957275, "12932@N68": 53.741883277893066, "23965@N3": 466.1468164920807, "28318@N8": 441.57547521591187, "29339@N79": 2.933192729949951, "58824@N29": 94.24809837341309, "20572@N40": 33.561058044433594, "31465@N18": 30.54704999923706, "29603@N52": 127.24783325195312, "15758@N49": 90.9368884563446, "25918@N25": 153.81981086730957, "35436@N45": 0.5576527118682861, "42248@N78": 611.6406605243683, "4044@N58": 163.45220136642456, "29912@N45": 257.99598145484924, "53142@N45": 145.55282044410706, "49538@N8": 485.9004981517792, "35999@N29": 2.67431640625, "28246@N42": 25.66054368019104, "26037@N82": 26.915054321289062, "11974@N47": 46.42179751396179, "28903@N29": 60.201311349868774, "27566@N35": 84.27131295204163, "35517@N79": 41.49966287612915, "15828@N31": 202.0211112499237, "42134@N23": 34.01707696914673, "43142@N25": 28.911837816238403, "74707@N88": 36.76692867279053, "13325@N83": 24.82518696784973, "26382@N85": 475.5368103981018, "28552@N91": 223.56896662712097, "86483@N16": 21.087586641311646, "18100@N52": 62.672555923461914, "40231@N78": 21.40885281562805, "70715@N87": 33.80751132965088, "18994@N79": 76.32922148704529, "34511@N73": 79.42017149925232, "28522@N62": 146.3211624622345, "35953@N38": 190.86478471755981, "30745@N20": 85.01032447814941, "37088@N31": 72.9342041015625, "96071@N46": 77.501056432724, "32972@N79": 164.05759835243225, "31405@N78": 81.02811574935913, "4352@N69": 99.8293182849884, "73338@N76": 92.84708881378174, "26263@N43": 65.14477968215942, "14057@N57": 26.578255653381348, "34343@N89": 60.432265758514404, "40662@N31": 31.02559757232666, "28473@N60": 285.5545210838318, "16845@N80": 226.51831245422363, "31570@N24": 155.3729362487793, "15692@N64": 284.2346222400665, "31424@N79": 68.12347531318665, "30797@N61": 51.0648889541626, "38014@N5": 100.3227219581604, "2876@N21": 57.941020250320435, "36824@N92": 188.36829233169556, "33410@N22": 124.84872555732727, "33238@N34": 51.3665509223938, "14964@N63": 186.55463123321533, "43721@N46": 97.08799529075623, "16319@N29": 221.23757934570312, "20585@N53": 105.20125198364258, "total": 28696.277983903885, "36743@N91": 225.89650750160217, "10749@N6": 54.04448223114014, "47500@N4": 167.19181609153748, "45357@N27": 41.606648206710815, "20524@N34": 43.56002712249756, "10435@N76": 16.358539819717407, "21032@N63": 109.85368204116821, "42506@N89": 59.988593101501465, "44916@N75": 71.49335861206055, "9914@N58": 46.355496406555176, "35845@N20": 77.28244400024414, "40636@N83": 56.58405661582947, "66832@N48": 264.2602195739746, "26009@N78": 98.52287554740906, "22957@N88": 85.16287398338318, "29915@N26": 89.99337005615234, "50945@N5": 1075.0754396915436, "22592@N41": 59.33796834945679, "68181@N40": 140.2830080986023, "34116@N99": 99.79067182540894, "25600@N20": 89.66869878768921, "26201@N60": 146.4860532283783, "47779@N96": 196.33789014816284, "27646@N85": 35.22744393348694, "30049@N9": 122.54948282241821, "28221@N53": 569.2271974086761, "46339@N38": 51.939990758895874, "22037@N21": 315.0059332847595, "36565@N65": 123.45545721054077, "32024@N27": 1392.320350408554, "24182@N55": 64.23750281333923, "25991@N24": 46.77276039123535, "45937@N96": 126.41462206840515, "28906@N6": 867.4417924880981, "1513@N24": 40.40794539451599, "30107@N44": 602.8665904998779, "39893@N30": 66.09820580482483, "22792@N69": 40.7197060585022, "29548@N80": 189.19264316558838, "15461@N52": 105.76204371452332, "58541@N91": 11.005632877349854, "64943@N3": 178.44738745689392, "33798@N98": 126.68281602859497, "32514@N81": 61.30785846710205, "23274@N34": 47.52444005012512, "16630@N26": 206.23184990882874, "29942@N86": 112.78624033927917, "25898@N2": 543.7854654788971, "25301@N42": 200.76797580718994, "38503@N32": 65.00008034706116, "22571@N34": 209.23968648910522, "37836@N92": 42.19088411331177, "4942@N15": 86.00027108192444, "21957@N20": 266.9006714820862, "63111@N36": 60.19273829460144, "25926@N90": 142.28928089141846, "22993@N80": 0.2202911376953125, "22865@N69": 25.052783250808716, "23804@N79": 36.39740300178528, "34081@N17": 6.704501628875732, "33382@N62": 77.6433653831482, "37936@N48": 872.0105481147766, "48383@N16": 809.3166737556458, "27794@N91": 215.5408911705017, "43790@N44": 80.22703170776367, "33524@N39": 42.13633155822754, "22722@N83": 127.01590657234192, "32356@N66": 380.21182894706726, "27567@N19": 233.0213131904602, "25535@N90": 226.31740379333496, "34102@N26": 177.6569802761078, "15040@N87": 103.29454708099365, "32431@N46": 626.1996991634369, "22750@N91": 477.89351654052734, "44570@N75": 83.74285531044006, "45400@N73": 161.52277421951294, "25704@N86": 69.16836476325989, "55405@N4": 373.61166548728943, "25857@N69": 93.53869271278381, "35756@N20": 60.21599531173706, "29275@N48": 213.61693120002747, "38502@N20": 27.758199214935303, "9857@N75": 24.642613172531128, "31431@N10": 41.26181125640869, "22702@N45": 68.25808882713318, "22639@N48": 77.88647389411926, "39157@N89": 328.98173809051514, "26946@N54": 46.13002324104309, "22280@N91": 47.5259804725647, "30082@N98": 53.76358699798584, "6552@N42": 67.81827569007874, "39262@N11": 49.52540564537048}