{"28552@N91": 82.64747309684753, "4352@N69": 87.09151434898376, "22957@N88": 83.5552327632904, "28473@N60": 83.4447865486145, "33238@N34": 80.79149508476257, "27646@N85": 81.29218697547913, "31543@N61": 83.3370566368103, "12932@N68": 82.55632853507996, "28221@N53": 85.46263766288757, "9857@N75": 84.19390821456909, "64943@N3": 82.32803320884705, "15692@N64": 87.42948794364929, "4044@N58": 84.57809090614319, "25301@N42": 80.25850129127502, "28903@N29": 78.760666847229, "40839@N16": 81.49004697799683, "48383@N16": 83.87421536445618, "35845@N20": 81.37963652610779, "29548@N80": 84.60004878044128, "23913@N97": 82.9394519329071, "38014@N5": 83.90166282653809, "35953@N38": 80.87659335136414, "6368@N51": 82.92231822013855, "58541@N91": 79.52663612365723, "15758@N49": 80.72337555885315, "60519@N0": 85.59274816513062, "16630@N26": 83.30234694480896, "3911@N31": 82.92547273635864, "6552@N42": 82.4588086605072, "10435@N76": 82.11780905723572, "23804@N79": 85.8031759262085, "45357@N27": 82.71038556098938, "35999@N29": 81.17130064964294, "20585@N53": 84.22896718978882, "29275@N48": 83.76807236671448, "35756@N20": 84.16869139671326, "25926@N90": 83.91356253623962, "4942@N15": 86.05576491355896, "22750@N91": 83.8419098854065, "49207@N9": 83.90038442611694, "44570@N75": 82.25977945327759, "42506@N89": 82.61771297454834, "total": 15157.399947881699, "46339@N38": 82.79736948013306, "26263@N43": 81.71788239479065, "53142@N45": 82.0473096370697, "47462@N92": 82.71015286445618, "16845@N80": 86.07143783569336, "32972@N79": 81.00667524337769, "23274@N34": 83.15258264541626, "33410@N22": 81.32663583755493, "31405@N78": 81.52927350997925, "32356@N66": 81.4911458492279, "31253@N15": 83.00545263290405, "23175@N26": 82.95690560340881, "43142@N25": 81.02932667732239, "42134@N23": 83.14475464820862, "34343@N89": 81.10882091522217, "39262@N11": 81.98958086967468, "50945@N5": 82.0744514465332, "28906@N6": 82.47451877593994, "11974@N47": 81.35996294021606, "47734@N37": 82.5046329498291, "40662@N31": 81.61024069786072, "46873@N31": 82.98697662353516, "44801@N60": 81.26133275032043, "50142@N86": 85.05332374572754, "22639@N48": 79.9932816028595, "96071@N46": 80.00785231590271, "25857@N69": 80.76426720619202, "34102@N26": 81.29274487495422, "20572@N40": 81.65330243110657, "15461@N52": 81.74380588531494, "22280@N91": 84.221914768219, "29339@N79": 80.43140530586243, "23965@N3": 82.60778379440308, "26382@N85": 81.33027029037476, "20524@N34": 81.47481298446655, "30049@N9": 82.24927854537964, "44916@N75": 82.532639503479, "2876@N21": 85.43452715873718, "27567@N19": 83.31561255455017, "40636@N83": 81.89001297950745, "39157@N89": 81.10907578468323, "1513@N24": 80.95593810081482, "68181@N40": 80.17455220222473, "22993@N80": 76.37744426727295, "63111@N36": 84.20268058776855, "25704@N86": 81.01303911209106, "30107@N44": 83.64367032051086, "25918@N25": 82.05310940742493, "14964@N63": 82.51373267173767, "22865@N69": 80.07484006881714, "29942@N86": 81.67195558547974, "32514@N81": 82.56843137741089, "37088@N31": 82.96106195449829, "86483@N16": 81.05362749099731, "18994@N79": 83.44309544563293, "35517@N79": 81.23696875572205, "29603@N52": 79.85647988319397, "36565@N65": 81.43446326255798, "21957@N20": 83.0774257183075, "28318@N8": 81.07742142677307, "62322@N94": 80.94489049911499, "10749@N6": 79.97648429870605, "14057@N57": 80.85654616355896, "25600@N20": 81.36802935600281, "55405@N4": 81.62488865852356, "40231@N78": 81.07631230354309, "27566@N35": 83.48549962043762, "31174@N7": 80.79760360717773, "37936@N48": 83.22011113166809, "15040@N87": 81.28908109664917, "38502@N20": 81.92884612083435, "43721@N46": 82.21879386901855, "26946@N54": 82.45641946792603, "33524@N39": 80.64754343032837, "9914@N58": 80.9790952205658, "35436@N45": 75.35492634773254, "30082@N98": 83.7969057559967, "3175@N73": 81.55910539627075, "36743@N91": 83.45698046684265, "22702@N45": 85.55803728103638, "74707@N88": 82.68365216255188, "24511@N37": 83.56688809394836, "26201@N60": 83.6617534160614, "25898@N2": 87.18696546554565, "18100@N52": 84.49682068824768, "31570@N24": 82.50024604797363, "47500@N4": 83.3967182636261, "36824@N92": 84.71563243865967, "22792@N69": 82.53136658668518, "47779@N96": 85.77494621276855, "26037@N82": 82.1124517917633, "34081@N17": 80.25643968582153, "25991@N24": 82.78684067726135, "15828@N31": 85.04599642753601, "25535@N90": 83.22078251838684, "27794@N91": 84.63133525848389, "58824@N29": 81.40459680557251, "34116@N99": 84.45389533042908, "45201@N83": 83.32757306098938, "30820@N66": 85.24044680595398, "32024@N27": 87.82070422172546, "37836@N92": 83.82050395011902, "30745@N20": 82.57906913757324, "73338@N76": 83.69902515411377, "43790@N44": 82.8684549331665, "22722@N83": 82.7471272945404, "24182@N55": 83.0980486869812, "45937@N96": 82.9014573097229, "66832@N48": 80.10888266563416, "13325@N83": 83.17420434951782, "28522@N62": 81.6161162853241, "11869@N5": 83.78469371795654, "22037@N21": 84.24171996116638, "1516@N45": 84.80786228179932, "28246@N42": 81.81261873245239, "29912@N45": 84.14366149902344, "32731@N37": 80.68718338012695, "42248@N78": 82.92108583450317, "42543@N97": 82.84143471717834, "39893@N30": 84.64562773704529, "29915@N26": 82.49664902687073, "30797@N61": 84.53976702690125, "49538@N8": 82.6406478881836, "38503@N32": 81.01560711860657, "30769@N99": 82.35221886634827, "32431@N46": 81.63313221931458, "29644@N85": 83.17133474349976, "33382@N62": 83.28238081932068, "45400@N73": 84.64463710784912, "22571@N34": 86.33156776428223, "34511@N73": 84.1454348564148, "16319@N29": 82.23763918876648, "65801@N99": 83.91193699836731, "26009@N78": 85.67368412017822, "31431@N10": 84.52698230743408, "33798@N98": 86.48741865158081, "70715@N87": 86.6334080696106, "31424@N79": 85.72266125679016, "21032@N63": 84.28563284873962, "22592@N41": 83.6879231929779, "31465@N18": 83.40239119529724}