{"29942@N86": 111.65145182609558, "27567@N19": 219.41153216362, "16845@N80": 278.5574243068695, "50142@N86": 116.19243478775024, "23175@N26": 72.04503798484802, "40231@N78": 26.707959413528442, "23913@N97": 98.23975491523743, "38503@N32": 76.61374235153198, "27566@N35": 104.21566772460938, "35756@N20": 80.47878170013428, "30082@N98": 51.42608380317688, "31174@N7": 106.34724473953247, "22639@N48": 91.84172463417053, "38502@N20": 57.930184841156006, "23965@N3": 721.705239534378, "22865@N69": 47.93455457687378, "31543@N61": 129.26945447921753, "35436@N45": 0.4175760746002197, "29915@N26": 94.45780348777771, "25926@N90": 168.77437329292297, "86483@N16": 25.846251726150513, "60519@N0": 1326.4974908828735, "1513@N24": 49.51201677322388, "25898@N2": 690.1439344882965, "35517@N79": 50.81444048881531, "64943@N3": 221.7073528766632, "4044@N58": 202.78726291656494, "34116@N99": 117.07957005500793, "30769@N99": 301.7154712677002, "31405@N78": 104.66864657402039, "32431@N46": 781.0448303222656, "47500@N4": 200.84414434432983, "4352@N69": 128.24145913124084, "15828@N31": 337.25949907302856, "25535@N90": 247.27645802497864, "22750@N91": 608.5349073410034, "33798@N98": 225.18866896629333, "30049@N9": 105.22389125823975, "26382@N85": 785.9667060375214, "9857@N75": 52.500877380371094, "25301@N42": 230.96763443946838, "22037@N21": 370.0927917957306, "30797@N61": 90.7425901889801, "22722@N83": 193.70102882385254, "44801@N60": 83.64802241325378, "25600@N20": 77.18243956565857, "28473@N60": 481.91727447509766, "28246@N42": 40.40860962867737, "16319@N29": 260.7800118923187, "31424@N79": 119.06478023529053, "63111@N36": 82.32168769836426, "2876@N21": 102.46591448783875, "96071@N46": 60.082725524902344, "35845@N20": 59.178874254226685, "11974@N47": 98.2324709892273, "42506@N89": 74.51877427101135, "31253@N15": 1680.2676219940186, "27646@N85": 49.31036615371704, "26009@N78": 100.31884717941284, "35953@N38": 236.37272024154663, "58541@N91": 13.725236177444458, "31570@N24": 199.0614869594574, "30820@N66": 60.76862859725952, "32024@N27": 1669.6982402801514, "39157@N89": 401.8502335548401, "15692@N64": 450.45033597946167, "25918@N25": 240.8750925064087, "22957@N88": 105.59753799438477, "32731@N37": 231.14661121368408, "34511@N73": 110.72936129570007, "28906@N6": 1098.1911478042603, "47462@N92": 63.721163511276245, "46873@N31": 73.26864314079285, "10435@N76": 34.426828145980835, "44570@N75": 97.832200050354, "30107@N44": 716.5088684558868, "total": 39176.647287368774, "20585@N53": 124.07987856864929, "39893@N30": 67.77601504325867, "22993@N80": 0.29957008361816406, "45357@N27": 51.36559009552002, "42134@N23": 42.01989388465881, "65801@N99": 87.67252564430237, "29275@N48": 238.08389520645142, "22280@N91": 67.65690755844116, "44916@N75": 54.66711473464966, "22592@N41": 75.47429180145264, "39262@N11": 61.044193506240845, "32356@N66": 506.1703383922577, "4942@N15": 106.17316341400146, "11869@N5": 75.86044931411743, "26946@N54": 81.68827557563782, "35999@N29": 5.676997661590576, "55405@N4": 492.33411693573, "73338@N76": 185.02894711494446, "29644@N85": 50.23189616203308, "42248@N78": 966.2419819831848, "34081@N17": 14.060107231140137, "45400@N73": 227.5475697517395, "13325@N83": 52.30895805358887, "31431@N10": 88.01897025108337, "43790@N44": 93.0384771823883, "70715@N87": 41.78263258934021, "15461@N52": 119.20527648925781, "26263@N43": 137.02480936050415, "28903@N29": 104.68937063217163, "42543@N97": 168.152485370636, "40662@N31": 38.13331985473633, "37836@N92": 47.577985525131226, "16630@N26": 257.9916121959686, "40636@N83": 93.35913395881653, "48383@N16": 999.8600714206696, "23274@N34": 47.460598945617676, "49538@N8": 561.2996134757996, "36565@N65": 191.56253576278687, "45201@N83": 46.65619707107544, "20524@N34": 66.35459995269775, "32972@N79": 273.23859000205994, "33410@N22": 137.17207527160645, "31465@N18": 63.97335863113403, "47734@N37": 77.77403235435486, "28221@N53": 929.5506248474121, "10749@N6": 50.35319495201111, "21032@N63": 122.21656560897827, "20572@N40": 71.96851968765259, "68181@N40": 198.17499327659607, "66832@N48": 327.1750509738922, "26037@N82": 37.221506118774414, "6368@N51": 215.008118391037, "3911@N31": 107.47147822380066, "15040@N87": 129.1735908985138, "22702@N45": 108.4129285812378, "15758@N49": 182.4369330406189, "12932@N68": 107.0994861125946, "9914@N58": 88.72957563400269, "22571@N34": 225.52495980262756, "40839@N16": 43.71369242668152, "14964@N63": 160.3301146030426, "45937@N96": 158.80936408042908, "33524@N39": 52.19605278968811, "30745@N20": 140.70107507705688, "29603@N52": 228.56888723373413, "1516@N45": 246.5178792476654, "25704@N86": 52.942365407943726, "23804@N79": 60.17952251434326, "36743@N91": 286.1414704322815, "29912@N45": 448.6209077835083, "37088@N31": 90.830885887146, "18994@N79": 144.23139548301697, "6552@N42": 71.16904878616333, "47779@N96": 242.11103439331055, "46339@N38": 53.9916775226593, "14057@N57": 33.26848864555359, "58824@N29": 143.8962972164154, "33238@N34": 63.44868230819702, "18100@N52": 122.07713031768799, "33382@N62": 79.0917181968689, "43142@N25": 35.17914628982544, "34343@N89": 128.8300757408142, "21957@N20": 322.1537621021271, "22792@N69": 51.411811113357544, "27794@N91": 270.81531953811646, "29548@N80": 223.96855783462524, "24511@N37": 80.6961841583252, "28552@N91": 300.3839511871338, "62322@N94": 30.1562922000885, "3175@N73": 59.835538148880005, "24182@N55": 136.92386674880981, "32514@N81": 87.31102657318115, "25857@N69": 117.83615255355835, "25991@N24": 92.948814868927, "34102@N26": 220.95797276496887, "36824@N92": 223.12158608436584, "29339@N79": 4.176738739013672, "50945@N5": 1306.2568380832672, "37936@N48": 1120.824643611908, "74707@N88": 45.510857582092285, "28318@N8": 684.8937010765076, "28522@N62": 250.9412624835968, "53142@N45": 232.99958395957947, "43721@N46": 124.18097472190857, "26201@N60": 189.5212483406067, "49207@N9": 333.79727602005005, "38014@N5": 88.80856347084045}