{"70715@N87": 167.64884638786316, "26263@N43": 167.68799495697021, "58541@N91": 167.1541244983673, "22571@N34": 170.95499277114868, "22037@N21": 167.52261471748352, "32514@N81": 168.00696086883545, "21032@N63": 171.23054575920105, "60519@N0": 165.39167499542236, "47734@N37": 166.30916452407837, "26382@N85": 163.0961456298828, "24511@N37": 169.1614990234375, "35756@N20": 165.85260438919067, "44570@N75": 165.48612594604492, "42506@N89": 166.8249123096466, "2876@N21": 170.2848298549652, "68181@N40": 165.34162282943726, "27567@N19": 167.28710865974426, "34102@N26": 164.8053195476532, "34343@N89": 169.24806332588196, "28473@N60": 169.46139931678772, "3175@N73": 168.80539298057556, "22722@N83": 170.64348793029785, "47500@N4": 165.42112159729004, "32972@N79": 167.5709934234619, "46339@N38": 166.0451979637146, "40231@N78": 167.3634490966797, "10435@N76": 168.2392029762268, "15461@N52": 190.40192341804504, "9914@N58": 195.3602590560913, "20524@N34": 167.1299271583557, "20572@N40": 165.15388870239258, "39157@N89": 166.54291105270386, "31405@N78": 165.2207372188568, "18100@N52": 167.60015559196472, "35953@N38": 166.5395519733429, "30049@N9": 164.3239188194275, "65801@N99": 235.30023789405823, "64943@N3": 166.99595403671265, "35999@N29": 168.76969170570374, "30082@N98": 169.41893076896667, "9857@N75": 166.44657635688782, "22865@N69": 168.28806948661804, "32731@N37": 167.1272656917572, "26037@N82": 168.9106194972992, "14057@N57": 165.27565550804138, "32356@N66": 165.77206349372864, "25898@N2": 168.3830804824829, "25991@N24": 168.51854705810547, "26946@N54": 170.60810947418213, "49538@N8": 164.68513226509094, "23274@N34": 195.87776613235474, "34081@N17": 166.54012608528137, "34116@N99": 166.30424046516418, "29915@N26": 192.7236785888672, "43142@N25": 164.9380829334259, "25600@N20": 166.3611536026001, "36824@N92": 167.15465545654297, "26009@N78": 167.855633020401, "31465@N18": 166.58140969276428, "31424@N79": 166.28134489059448, "35436@N45": 167.13780307769775, "33524@N39": 166.10968470573425, "30745@N20": 165.9243986606598, "15040@N87": 165.4606454372406, "33382@N62": 168.33639574050903, "25918@N25": 166.1458523273468, "1516@N45": 168.18367290496826, "6552@N42": 171.25673961639404, "23804@N79": 167.0731921195984, "73338@N76": 166.07465028762817, "28906@N6": 164.7199420928955, "29644@N85": 165.07924795150757, "66832@N48": 163.1769802570343, "28246@N42": 217.03818011283875, "27794@N91": 165.09460759162903, "27646@N85": 169.26767992973328, "31570@N24": 168.85223627090454, "32431@N46": 164.05454635620117, "50945@N5": 166.05014204978943, "43790@N44": 166.71911692619324, "63111@N36": 165.5734658241272, "22639@N48": 165.86527514457703, "53142@N45": 166.71603918075562, "58824@N29": 165.17602634429932, "29942@N86": 170.57924103736877, "29548@N80": 167.61863589286804, "38503@N32": 165.00209498405457, "23965@N3": 167.81096148490906, "45400@N73": 166.89892053604126, "30107@N44": 164.0465066432953, "39262@N11": 165.01379251480103, "26201@N60": 165.52301955223083, "22792@N69": 165.57054543495178, "10749@N6": 167.34215092658997, "4352@N69": 173.1234576702118, "43721@N46": 166.64157915115356, "11974@N47": 167.54115200042725, "44801@N60": 166.50730538368225, "25857@N69": 165.84342432022095, "13325@N83": 168.82738280296326, "28552@N91": 168.47321963310242, "15828@N31": 170.12361407279968, "50142@N86": 171.20437932014465, "20585@N53": 165.18427777290344, "37936@N48": 165.49998903274536, "48383@N16": 169.88046598434448, "21957@N20": 167.44850730895996, "total": 32648.888980150223, "31543@N61": 167.89579916000366, "24182@N55": 165.38245582580566, "1513@N24": 166.723530292511, "4942@N15": 168.14358854293823, "37088@N31": 165.41110396385193, "62322@N94": 166.41384387016296, "29603@N52": 165.13330745697021, "22592@N41": 170.77479577064514, "18994@N79": 165.62772607803345, "25926@N90": 169.6028869152069, "25704@N86": 166.89913129806519, "16319@N29": 239.5264127254486, "31253@N15": 163.06459045410156, "46873@N31": 167.1041398048401, "22750@N91": 164.93001246452332, "22957@N88": 167.3571434020996, "31431@N10": 165.57470846176147, "45937@N96": 164.8564808368683, "29912@N45": 164.99352836608887, "49207@N9": 166.4521143436432, "12932@N68": 167.1395115852356, "35845@N20": 166.6241934299469, "29339@N79": 238.68666529655457, "23175@N26": 165.24348258972168, "25535@N90": 166.85305833816528, "42134@N23": 166.10205268859863, "33798@N98": 167.04569792747498, "28903@N29": 166.1577923297882, "55405@N4": 164.63578939437866, "40636@N83": 165.76395750045776, "40839@N16": 165.80357098579407, "35517@N79": 165.5270676612854, "3911@N31": 173.49256348609924, "96071@N46": 219.4347894191742, "38502@N20": 235.7514991760254, "28318@N8": 164.71737790107727, "36743@N91": 165.40543794631958, "14964@N63": 237.53958821296692, "42543@N97": 219.16946649551392, "22280@N91": 217.06951212882996, "4044@N58": 229.28847289085388, "15692@N64": 238.67460775375366, "74707@N88": 207.29266834259033, "40662@N31": 164.45995783805847, "30769@N99": 236.57644414901733, "28221@N53": 233.71733045578003, "22702@N45": 192.42796635627747, "15758@N49": 212.24401903152466, "42248@N78": 164.6916675567627, "16845@N80": 220.23357129096985, "23913@N97": 189.74846816062927, "44916@N75": 228.20111179351807, "22993@N80": 236.2461245059967, "6368@N51": 198.26984786987305, "29275@N48": 168.6371648311615, "30797@N61": 202.51151490211487, "11869@N5": 240.59748911857605, "30820@N66": 227.7609724998474, "86483@N16": 193.37291598320007, "45201@N83": 220.87776899337769, "38014@N5": 237.1519033908844, "34511@N73": 211.2582757472992, "45357@N27": 168.35896062850952, "36565@N65": 166.56995558738708, "16630@N26": 237.8651623725891, "33410@N22": 197.93948912620544, "32024@N27": 209.9924192428589, "37836@N92": 167.50938200950623, "39893@N30": 234.39703679084778, "28522@N62": 190.91022086143494, "33238@N34": 167.11215782165527, "47462@N92": 235.5302197933197, "25301@N42": 164.97302293777466, "47779@N96": 192.20838475227356, "27566@N35": 213.20614290237427, "31174@N7": 230.40209531784058}