{"42543@N97": 84.48421287536621, "29339@N79": 1.9112625122070312, "27566@N35": 81.53601932525635, "15040@N87": 62.73389196395874, "34081@N17": 6.515157699584961, "35756@N20": 55.13616371154785, "34343@N89": 58.42444920539856, "66832@N48": 257.3387882709503, "28221@N53": 556.1946403980255, "29275@N48": 147.42650961875916, "31431@N10": 40.732361793518066, "30745@N20": 82.31663966178894, "24511@N37": 36.685747146606445, "22702@N45": 66.88805770874023, "9857@N75": 24.335793256759644, "38502@N20": 27.101072072982788, "6368@N51": 114.48893857002258, "1513@N24": 23.09159231185913, "2876@N21": 50.431411266326904, "30797@N61": 49.428295850753784, "44801@N60": 44.935821771621704, "33524@N39": 40.689860582351685, "4352@N69": 97.12264680862427, "3175@N73": 43.70431923866272, "35845@N20": 47.18889403343201, "22750@N91": 368.42758321762085, "36565@N65": 120.80587363243103, "22957@N88": 83.89354109764099, "26009@N78": 107.11591672897339, "11869@N5": 45.7773699760437, "28318@N8": 429.00264072418213, "21957@N20": 195.1911916732788, "43142@N25": 28.106390237808228, "43721@N46": 83.58512449264526, "12932@N68": 52.870216608047485, "31465@N18": 29.53729486465454, "53142@N45": 140.3860092163086, "32731@N37": 126.85271978378296, "3911@N31": 54.89106345176697, "73338@N76": 89.92672729492188, "22592@N41": 58.69949698448181, "26201@N60": 103.37809681892395, "42506@N89": 34.86841368675232, "29942@N86": 88.27017664909363, "31424@N79": 65.77231740951538, "32431@N46": 479.8769268989563, "63111@N36": 39.850430965423584, "32514@N81": 59.852256059646606, "36743@N91": 172.63615727424622, "27646@N85": 34.71082925796509, "47500@N4": 108.54394006729126, "11974@N47": 45.31129050254822, "32024@N27": 1010.794175863266, "24182@N55": 62.64134740829468, "22571@N34": 141.5909309387207, "64943@N3": 119.89513182640076, "30769@N99": 182.1413631439209, "22792@N69": 40.03853440284729, "20585@N53": 81.10492444038391, "47779@N96": 146.68416929244995, "23965@N3": 457.01002049446106, "22722@N83": 97.84278106689453, "25991@N24": 43.15101218223572, "49538@N8": 341.56115198135376, "35999@N29": 2.622323989868164, "40231@N78": 21.161476373672485, "44916@N75": 43.728567600250244, "49207@N9": 198.68874263763428, "total": 24197.621244430542, "33382@N62": 61.67100763320923, "22037@N21": 238.03204584121704, "44570@N75": 48.85801696777344, "26263@N43": 63.35154438018799, "42134@N23": 33.026169300079346, "14964@N63": 116.29465651512146, "86483@N16": 20.705018281936646, "28522@N62": 142.3431212902069, "43790@N44": 64.63115787506104, "34116@N99": 65.51373410224915, "31570@N24": 116.86588788032532, "25301@N42": 127.55024266242981, "30107@N44": 457.5446891784668, "46873@N31": 41.46217703819275, "34511@N73": 76.64351892471313, "26946@N54": 44.90586590766907, "23274@N34": 31.72869563102722, "28473@N60": 274.8129527568817, "42248@N78": 592.7017788887024, "9914@N58": 44.70778775215149, "31543@N61": 61.15821957588196, "15828@N31": 196.03009033203125, "35953@N38": 184.22862267494202, "40636@N83": 55.61341881752014, "21032@N63": 90.10117864608765, "50142@N86": 91.10341191291809, "25857@N69": 76.2451741695404, "6552@N42": 38.959179639816284, "37836@N92": 36.5438027381897, "4044@N58": 158.40883898735046, "40662@N31": 29.886241912841797, "37088@N31": 70.49638891220093, "33410@N22": 93.83092141151428, "47462@N92": 49.943784952163696, "20572@N40": 32.57480835914612, "29644@N85": 37.19097113609314, "13325@N83": 24.07156014442444, "22993@N80": 0.21386098861694336, "28906@N6": 660.4618330001831, "25600@N20": 60.442219257354736, "47734@N37": 40.506810665130615, "16845@N80": 219.67724466323853, "15461@N52": 89.68490219116211, "27567@N19": 174.43878960609436, "25535@N90": 154.65383195877075, "15692@N64": 275.8294360637665, "20524@N34": 42.49039554595947, "40839@N16": 19.83882212638855, "45357@N27": 40.608986139297485, "25926@N90": 89.62759757041931, "16319@N29": 156.60067534446716, "10435@N76": 15.878647804260254, "33238@N34": 49.777339935302734, "70715@N87": 33.05130410194397, "39262@N11": 48.2400164604187, "26382@N85": 463.0955014228821, "58541@N91": 10.724737167358398, "32972@N79": 159.07875442504883, "29915@N26": 63.64698028564453, "50945@N5": 801.9736394882202, "22280@N91": 46.244654178619385, "68181@N40": 115.12885355949402, "46339@N38": 29.960755586624146, "28246@N42": 25.021547317504883, "34102@N26": 145.45142436027527, "1516@N45": 137.6850128173828, "39157@N89": 246.33893275260925, "60519@N0": 806.2660298347473, "23913@N97": 77.30125331878662, "45400@N73": 146.60960364341736, "36824@N92": 142.4504373073578, "18994@N79": 73.934734582901, "48383@N16": 589.0847158432007, "32356@N66": 288.4128019809723, "31405@N78": 78.7810308933258, "23175@N26": 56.94011044502258, "38503@N32": 61.160061836242676, "28903@N29": 58.76768684387207, "15758@N49": 88.83984637260437, "22639@N48": 45.13140320777893, "25704@N86": 40.06975030899048, "31253@N15": 1034.5952274799347, "65801@N99": 40.842671394348145, "16630@N26": 146.6159951686859, "96071@N46": 47.617635011672974, "29912@N45": 252.77400946617126, "22865@N69": 24.491918802261353, "27794@N91": 156.75046467781067, "23804@N79": 35.91374945640564, "74707@N88": 35.71816086769104, "37936@N48": 664.2816224098206, "35436@N45": 0.31345057487487793, "38014@N5": 69.00564908981323, "14057@N57": 25.645205974578857, "29548@N80": 128.5038619041443, "39893@N30": 53.164735317230225, "25918@N25": 191.18276047706604, "58824@N29": 90.9617280960083, "10749@N6": 39.223315954208374, "45937@N96": 72.10646629333496, "35517@N79": 39.95079183578491, "33798@N98": 122.46855592727661, "62322@N94": 23.199349641799927, "4942@N15": 83.26105260848999, "30082@N98": 38.729645013809204, "28552@N91": 178.26551151275635, "26037@N82": 26.143054962158203, "30820@N66": 28.416009664535522, "18100@N52": 60.516913175582886, "55405@N4": 297.29118490219116, "29603@N52": 124.27207446098328, "45201@N83": 21.52595281600952, "31174@N7": 82.79549932479858, "30049@N9": 122.17777681350708, "25898@N2": 519.3112285137177}