{"50142@N86": 50.48806619644165, "35756@N20": 30.19747018814087, "64943@N3": 65.03253746032715, "16630@N26": 79.70730495452881, "24511@N37": 19.63748288154602, "73338@N76": 47.89116811752319, "25926@N90": 47.83770680427551, "96071@N46": 25.17667007446289, "16319@N29": 83.93133306503296, "18994@N79": 39.877758502960205, "15828@N31": 105.0553560256958, "27567@N19": 92.59119939804077, "1513@N24": 12.622509479522705, "39893@N30": 28.745506763458252, "40839@N16": 10.70210886001587, "31570@N24": 62.983253955841064, "40662@N31": 16.016839027404785, "13325@N83": 12.948848485946655, "31424@N79": 35.098665714263916, "31543@N61": 33.05696153640747, "23965@N3": 243.83875012397766, "26201@N60": 55.33011221885681, "4352@N69": 51.922696590423584, "35845@N20": 25.178008317947388, "35953@N38": 99.94188594818115, "37088@N31": 37.84551000595093, "30107@N44": 243.42753076553345, "18100@N52": 32.588061571121216, "25600@N20": 32.53081178665161, "29912@N45": 134.08045411109924, "30745@N20": 44.23169994354248, "32731@N37": 68.37610816955566, "10749@N6": 21.520901203155518, "58824@N29": 49.32484698295593, "32972@N79": 85.48057293891907, "22722@N83": 52.23011374473572, "15040@N87": 33.65960621833801, "28522@N62": 76.83674001693726, "3175@N73": 23.32461953163147, "42248@N78": 320.81130385398865, "66832@N48": 137.89632415771484, "31253@N15": 552.9210629463196, "22957@N88": 45.47505211830139, "36743@N91": 92.31968927383423, "37836@N92": 19.609936237335205, "33798@N98": 66.70089387893677, "25301@N42": 69.07492017745972, "39262@N11": 25.888646364212036, "9914@N58": 24.143141269683838, "15461@N52": 48.355024099349976, "22639@N48": 24.034343957901, "38502@N20": 14.581190824508667, "34343@N89": 31.63443160057068, "40636@N83": 29.913114547729492, "28246@N42": 13.568329095840454, "9857@N75": 12.96149206161499, "34116@N99": 35.22315454483032, "26009@N78": 33.69337272644043, "31431@N10": 21.57248020172119, "6552@N42": 20.93290877342224, "40231@N78": 11.163444757461548, "70715@N87": 17.90845251083374, "58541@N91": 5.652075290679932, "33382@N62": 32.974857330322266, "22037@N21": 126.21280288696289, "30082@N98": 20.49554181098938, "47779@N96": 78.38296294212341, "36824@N92": 76.09967541694641, "42543@N97": 44.754491329193115, "22592@N41": 31.498319625854492, "1516@N45": 74.52950501441956, "47500@N4": 59.152097940444946, "total": 12865.38372206688, "27566@N35": 44.00899600982666, "22993@N80": 0.1048281192779541, "25704@N86": 21.283867120742798, "20585@N53": 43.58469367027283, "74707@N88": 19.044487953186035, "28906@N6": 353.2433316707611, "32024@N27": 540.5015108585358, "29339@N79": 1.0060958862304688, "31174@N7": 45.054750204086304, "30769@N99": 98.08465600013733, "20524@N34": 22.99860453605652, "38503@N32": 32.6190402507782, "49207@N9": 108.07237315177917, "29644@N85": 20.038713216781616, "30049@N9": 40.77974343299866, "21957@N20": 105.74437928199768, "16845@N80": 118.14680695533752, "45357@N27": 21.900536060333252, "33524@N39": 21.941462755203247, "45400@N73": 78.8811891078949, "11869@N5": 24.660451650619507, "29942@N86": 47.26792097091675, "37936@N48": 354.08504366874695, "27794@N91": 83.97126054763794, "24182@N55": 33.467246532440186, "26263@N43": 33.974162340164185, "27646@N85": 18.799052715301514, "25918@N25": 79.94425368309021, "44916@N75": 23.297958850860596, "30797@N61": 26.44446301460266, "45201@N83": 11.618916034698486, "28318@N8": 232.1844928264618, "45937@N96": 38.97629261016846, "32514@N81": 32.156139612197876, "10435@N76": 8.702293157577515, "23274@N34": 16.958381175994873, "47462@N92": 26.78439712524414, "39157@N89": 133.3741683959961, "32356@N66": 154.10111331939697, "36565@N65": 64.95524907112122, "33238@N34": 26.821956157684326, "30820@N66": 15.184670448303223, "55405@N4": 159.86625123023987, "43721@N46": 44.86218881607056, "26382@N85": 248.47909665107727, "34511@N73": 41.24502992630005, "22280@N91": 24.65553307533264, "15692@N64": 147.9470362663269, "6368@N51": 61.41866755485535, "26946@N54": 24.243855476379395, "53142@N45": 75.96561002731323, "47734@N37": 21.69742774963379, "23913@N97": 41.52389907836914, "14057@N57": 13.838237047195435, "63111@N36": 21.253843069076538, "35999@N29": 1.371002197265625, "22792@N69": 21.23051428794861, "11974@N47": 24.261693239212036, "25857@N69": 41.174867153167725, "26037@N82": 14.205197095870972, "43142@N25": 15.033137559890747, "46873@N31": 22.65083885192871, "29603@N52": 66.2934832572937, "12932@N68": 28.284326553344727, "4942@N15": 44.77720379829407, "29275@N48": 78.41608142852783, "35517@N79": 21.526281118392944, "31465@N18": 15.759783506393433, "42506@N89": 18.687790870666504, "3911@N31": 29.47216773033142, "86483@N16": 10.932196617126465, "21032@N63": 48.673633337020874, "28221@N53": 298.42962431907654, "44801@N60": 24.134532928466797, "28552@N91": 96.42604374885559, "25991@N24": 23.324567556381226, "46339@N38": 15.955737590789795, "14964@N63": 61.58204698562622, "23804@N79": 18.74272918701172, "22865@N69": 12.977314710617065, "25898@N2": 222.9351954460144, "28473@N60": 148.5467598438263, "42134@N23": 17.672077655792236, "2876@N21": 27.127580642700195, "65801@N99": 21.612441062927246, "15758@N49": 47.05766844749451, "22750@N91": 198.0244016647339, "38014@N5": 37.24876856803894, "29548@N80": 69.70401048660278, "49538@N8": 181.95481371879578, "35436@N45": 0.15788936614990234, "34081@N17": 3.5107481479644775, "48383@N16": 317.26305985450745, "50945@N5": 428.6334810256958, "32431@N46": 254.64122343063354, "22702@N45": 36.0757200717926, "60519@N0": 432.15418910980225, "34102@N26": 78.52661323547363, "43790@N44": 34.10562014579773, "23175@N26": 30.36217999458313, "62322@N94": 12.310330629348755, "33410@N22": 50.71924114227295, "29915@N26": 34.10036087036133, "20572@N40": 17.42820906639099, "22571@N34": 75.7306125164032, "68181@N40": 62.831690311431885, "28903@N29": 31.487005949020386, "4044@N58": 85.29693078994751, "44570@N75": 25.844967126846313, "25535@N90": 82.6396632194519, "31405@N78": 42.199533224105835}