{"22571@N34": 61.19843530654907, "21957@N20": 82.61032009124756, "3911@N31": 23.262006759643555, "39157@N89": 105.49040126800537, "31465@N18": 12.351225137710571, "26382@N85": 194.0477614402771, "42134@N23": 13.7657151222229, "23274@N34": 13.311552286148071, "29275@N48": 61.534907817840576, "29915@N26": 26.64823579788208, "15758@N49": 37.12735414505005, "31424@N79": 27.53812074661255, "30820@N66": 11.826534271240234, "23965@N3": 189.7915756702423, "25535@N90": 64.9686667919159, "44570@N75": 20.478559970855713, "31431@N10": 17.142576217651367, "30797@N61": 20.700263500213623, "22639@N48": 18.89159369468689, "16845@N80": 92.45698308944702, "68181@N40": 48.22609233856201, "49538@N8": 143.25115966796875, "22957@N88": 35.04698967933655, "28552@N91": 75.8090250492096, "16630@N26": 62.52267146110535, "35953@N38": 77.95619702339172, "29942@N86": 36.858120918273926, "48383@N16": 247.24041724205017, "26201@N60": 43.4242947101593, "1516@N45": 57.72079515457153, "26263@N43": 26.699841737747192, "25600@N20": 25.43408703804016, "2876@N21": 21.14977741241455, "65801@N99": 16.981785535812378, "43721@N46": 35.2004029750824, "29912@N45": 104.9388153553009, "45400@N73": 61.30869436264038, "62322@N94": 9.771570444107056, "9857@N75": 10.187855005264282, "18994@N79": 31.04782462120056, "53142@N45": 59.21439814567566, "34081@N17": 2.703618049621582, "24182@N55": 26.287671089172363, "58541@N91": 4.506893634796143, "24511@N37": 15.320976495742798, "28318@N8": 180.93379187583923, "73338@N76": 37.9954559803009, "20572@N40": 13.755824327468872, "40636@N83": 23.502827882766724, "10749@N6": 16.656222343444824, "64943@N3": 50.72466492652893, "34343@N89": 24.751080751419067, "4942@N15": 35.13606142997742, "33238@N34": 20.965386152267456, "15692@N64": 115.70390439033508, "32972@N79": 66.83893060684204, "15828@N31": 83.43353629112244, "total": 10062.542971611023, "25991@N24": 18.1335666179657, "25704@N86": 16.743830680847168, "25301@N42": 53.713255167007446, "30049@N9": 32.07692790031433, "34116@N99": 27.503571033477783, "36565@N65": 50.71726083755493, "28903@N29": 24.753031253814697, "32731@N37": 53.31617760658264, "45937@N96": 30.65594744682312, "4352@N69": 40.90919852256775, "38502@N20": 11.455244064331055, "35845@N20": 19.649874448776245, "1513@N24": 9.7480788230896, "28246@N42": 10.47092318534851, "40662@N31": 12.724638223648071, "44916@N75": 18.30497646331787, "30769@N99": 76.69443345069885, "31570@N24": 49.210408210754395, "45201@N83": 9.126479864120483, "66832@N48": 107.36585426330566, "27567@N19": 73.37893271446228, "70715@N87": 13.955115795135498, "28221@N53": 232.8478283882141, "30082@N98": 15.965910911560059, "22792@N69": 16.74913763999939, "32024@N27": 424.63757586479187, "30107@N44": 191.2966432571411, "25918@N25": 62.2460618019104, "12932@N68": 22.15405559539795, "35999@N29": 1.065810203552246, "22702@N45": 28.116602897644043, "35756@N20": 22.9596951007843, "25926@N90": 37.64422011375427, "26037@N82": 11.03626036643982, "39893@N30": 22.490768909454346, "22750@N91": 153.77437257766724, "42543@N97": 35.18627572059631, "37936@N48": 276.42022824287415, "40839@N16": 8.378746747970581, "22865@N69": 10.1939058303833, "10435@N76": 6.656482934951782, "28473@N60": 115.92333745956421, "3175@N73": 18.298811197280884, "46873@N31": 17.56319284439087, "96071@N46": 19.584359169006348, "47462@N92": 21.03240656852722, "31174@N7": 34.92540502548218, "22993@N80": 0.08475780487060547, "47779@N96": 61.473864793777466, "29644@N85": 15.591554164886475, "38014@N5": 29.06533908843994, "25857@N69": 32.10077142715454, "32431@N46": 199.5651478767395, "86483@N16": 8.66271185874939, "35436@N45": 0.12807369232177734, "33524@N39": 17.152595043182373, "6368@N51": 48.34721755981445, "50945@N5": 335.3035681247711, "43142@N25": 11.741645812988281, "35517@N79": 16.90207839012146, "20585@N53": 33.9992458820343, "33410@N22": 39.582717418670654, "43790@N44": 26.798593521118164, "32514@N81": 24.986337184906006, "22280@N91": 19.14016366004944, "27646@N85": 14.519729852676392, "16319@N29": 65.91287684440613, "74707@N88": 14.827335357666016, "23913@N97": 32.418898820877075, "33382@N62": 25.574836254119873, "33798@N98": 51.253504514694214, "39262@N11": 20.0636887550354, "31253@N15": 432.6868853569031, "21032@N63": 37.9003210067749, "46339@N38": 12.567509651184082, "29339@N79": 0.793567419052124, "27794@N91": 65.5069944858551, "34511@N73": 32.22318458557129, "30745@N20": 34.50451469421387, "23804@N79": 14.770458459854126, "22722@N83": 40.47252559661865, "55405@N4": 124.28928971290588, "58824@N29": 38.394882678985596, "28522@N62": 59.43169713020325, "15040@N87": 26.386620044708252, "13325@N83": 10.073548078536987, "37836@N92": 15.2079439163208, "11869@N5": 19.380616664886475, "38503@N32": 25.639477491378784, "22592@N41": 24.36296844482422, "9914@N58": 18.846245765686035, "15461@N52": 37.5464563369751, "47500@N4": 45.70440196990967, "6552@N42": 16.38724708557129, "60519@N0": 337.7783844470978, "49207@N9": 82.55426931381226, "18100@N52": 25.280400037765503, "37088@N31": 29.397847890853882, "20524@N34": 17.88070011138916, "25898@N2": 174.4445445537567, "40231@N78": 8.669455528259277, "29603@N52": 51.46051549911499, "23175@N26": 23.56216311454773, "36824@N92": 59.254796266555786, "44801@N60": 18.77829074859619, "28906@N6": 275.35060453414917, "45357@N27": 17.019659280776978, "47734@N37": 16.953019857406616, "14964@N63": 47.87174701690674, "42248@N78": 249.97922611236572, "14057@N57": 10.780469179153442, "63111@N36": 16.748222589492798, "27566@N35": 34.18392753601074, "26009@N78": 26.643640279769897, "42506@N89": 14.57477879524231, "22037@N21": 99.53260231018066, "31543@N61": 25.801695823669434, "29548@N80": 54.369046449661255, "50142@N86": 38.21174335479736, "34102@N26": 60.955384492874146, "36743@N91": 72.51021885871887, "32356@N66": 120.13874864578247, "11974@N47": 18.936095476150513, "31405@N78": 37.02092719078064, "4044@N58": 66.53026151657104, "26946@N54": 18.845815420150757}