{"25898@N2": 532.7825565338135, "49207@N9": 248.2209734916687, "20572@N40": 41.11559343338013, "42506@N89": 43.94385886192322, "32356@N66": 361.3090748786926, "47500@N4": 137.2284746170044, "16630@N26": 187.36119103431702, "11869@N5": 58.029160261154175, "4044@N58": 199.58137249946594, "22280@N91": 57.845762729644775, "27566@N35": 103.10178637504578, "10435@N76": 20.057459115982056, "36743@N91": 217.5495307445526, "18100@N52": 76.73453974723816, "25926@N90": 113.29368567466736, "46873@N31": 52.78146696090698, "33798@N98": 194.83894729614258, "35756@N20": 69.4896411895752, "4942@N15": 105.89483165740967, "33524@N39": 51.772921323776245, "31570@N24": 148.20386457443237, "62322@N94": 29.134617567062378, "total": 35076.65656042099, "22750@N91": 464.43805956840515, "37936@N48": 823.6823127269745, "96071@N46": 59.354687213897705, "28246@N42": 31.640153169631958, "21957@N20": 317.8468511104584, "26037@N82": 32.85061192512512, "10749@N6": 49.79280877113342, "31431@N10": 51.1361198425293, "23175@N26": 70.9222104549408, "23804@N79": 44.60348701477051, "29942@N86": 110.97191429138184, "30745@N20": 103.90168166160583, "40839@N16": 25.111334800720215, "32024@N27": 1270.9790992736816, "29603@N52": 155.90495204925537, "30769@N99": 229.53644227981567, "22592@N41": 73.61787343025208, "43790@N44": 80.62744665145874, "33382@N62": 77.51243901252747, "28903@N29": 73.83070707321167, "34511@N73": 97.40360641479492, "28221@N53": 908.206625699997, "16845@N80": 277.5638301372528, "1513@N24": 29.37127375602722, "21032@N63": 114.51172065734863, "23913@N97": 97.22310829162598, "29275@N48": 184.7864854335785, "28318@N8": 543.9808657169342, "37836@N92": 46.29407525062561, "14057@N57": 32.57197594642639, "40636@N83": 70.79288172721863, "53142@N45": 177.73183274269104, "46339@N38": 37.62679624557495, "32514@N81": 111.53299355506897, "6552@N42": 49.23851299285889, "25704@N86": 50.279566526412964, "28906@N6": 833.9183883666992, "28522@N62": 178.8625819683075, "26946@N54": 56.99805521965027, "44916@N75": 55.007806062698364, "32431@N46": 606.1979787349701, "64943@N3": 152.5421576499939, "40231@N78": 26.460158348083496, "31465@N18": 37.562225341796875, "68181@N40": 189.01876163482666, "48383@N16": 743.2858769893646, "26201@N60": 165.63732886314392, "50142@N86": 115.93905091285706, "25857@N69": 96.50261545181274, "25600@N20": 76.786936044693, "13325@N83": 30.504769325256348, "43142@N25": 35.53270411491394, "1516@N45": 174.8186218738556, "42248@N78": 749.9220263957977, "22993@N80": 0.29680347442626953, "24511@N37": 46.55338978767395, "25301@N42": 160.875102519989, "34081@N17": 8.30746054649353, "15040@N87": 79.65491485595703, "47734@N37": 51.44098401069641, "37088@N31": 89.19911217689514, "30107@N44": 576.2164769172668, "31405@N78": 100.13317656517029, "33238@N34": 90.76020789146423, "35845@N20": 59.618151903152466, "15692@N64": 458.6938579082489, "26009@N78": 105.03631114959717, "58824@N29": 116.43822050094604, "29548@N80": 233.08799695968628, "14964@N63": 163.48895168304443, "25991@N24": 67.17779850959778, "29339@N79": 2.4801571369171143, "63111@N36": 50.623873233795166, "31543@N61": 132.56421852111816, "31174@N7": 117.32647824287415, "45357@N27": 59.25622200965881, "50945@N5": 1362.0136437416077, "3175@N73": 54.55169129371643, "22957@N88": 134.08338046073914, "29644@N85": 47.0694785118103, "42543@N97": 153.5051770210266, "26382@N85": 742.1317069530487, "30797@N61": 62.69125247001648, "58541@N91": 13.39672565460205, "27794@N91": 265.8508834838867, "3911@N31": 70.11240196228027, "31424@N79": 82.46241736412048, "45937@N96": 125.76228642463684, "73338@N76": 113.81108570098877, "47779@N96": 251.50498628616333, "30049@N9": 127.33072400093079, "35517@N79": 86.71262621879578, "4352@N69": 125.52956414222717, "65801@N99": 78.96808648109436, "22792@N69": 50.50102519989014, "44801@N60": 56.90280270576477, "70715@N87": 71.17071104049683, "24182@N55": 78.53561329841614, "23274@N34": 39.81036996841431, "12932@N68": 82.77296900749207, "74707@N88": 44.49432373046875, "27567@N19": 291.27998328208923, "9857@N75": 30.857858896255493, "34116@N99": 133.85754299163818, "18994@N79": 113.4563684463501, "28552@N91": 296.9588723182678, "22571@N34": 249.66600346565247, "45201@N83": 27.568197011947632, "25918@N25": 257.956702709198, "47462@N92": 63.86019802093506, "15758@N49": 143.25167727470398, "30820@N66": 61.351250886917114, "23965@N3": 728.0341489315033, "38014@N5": 126.47666049003601, "15828@N31": 334.7712097167969, "22865@N69": 30.72231435775757, "11974@N47": 92.28400039672852, "39893@N30": 79.39723253250122, "66832@N48": 453.9027593135834, "36824@N92": 223.13093042373657, "55405@N4": 474.3213405609131, "26263@N43": 123.40804600715637, "29915@N26": 80.6257152557373, "35999@N29": 3.301945209503174, "29912@N45": 388.7014367580414, "36565@N65": 223.29527711868286, "60519@N0": 1334.0010352134705, "20585@N53": 141.3009147644043, "32731@N37": 218.23826050758362, "44570@N75": 76.34069561958313, "40662@N31": 65.14889168739319, "22037@N21": 405.23817777633667, "49538@N8": 593.3400011062622, "39157@N89": 402.68669056892395, "20524@N34": 54.34136700630188, "30082@N98": 49.143364667892456, "9914@N58": 93.39842700958252, "31253@N15": 1664.6745476722717, "35436@N45": 0.4165763854980469, "38502@N20": 34.65267062187195, "39262@N11": 96.48984289169312, "27646@N85": 44.05772686004639, "42134@N23": 42.20575499534607, "45400@N73": 256.650949716568, "28473@N60": 470.1106164455414, "22639@N48": 81.07665944099426, "34343@N89": 74.91444063186646, "25535@N90": 241.98620510101318, "35953@N38": 306.3649094104767, "34102@N26": 222.39351058006287, "6368@N51": 214.55588483810425, "86483@N16": 25.98738384246826, "38503@N32": 88.5984365940094, "22702@N45": 84.80791521072388, "2876@N21": 96.83596801757812, "22722@N83": 159.08262133598328, "32972@N79": 203.51348996162415, "15461@N52": 172.6200816631317, "43721@N46": 111.7517774105072, "16319@N29": 263.6407928466797, "33410@N22": 186.59794282913208}