{"58824@N29": 45.587785720825195, "40662@N31": 33.750683546066284, "43790@N44": 40.38885474205017, "22571@N34": 2104.656593322754, "31424@N79": 223.59020924568176, "33382@N62": 107.17132353782654, "13325@N83": 504.3400630950928, "50945@N5": 1116.619573354721, "25857@N69": 55.53118944168091, "37836@N92": 57.598292112350464, "68181@N40": 112.67556476593018, "28903@N29": 46.53539252281189, "20572@N40": 45.00946354866028, "33798@N98": 84.67817282676697, "11869@N5": 211.57896161079407, "38014@N5": 206.8055384159088, "39262@N11": 105.30802273750305, "32024@N27": 3778.241074323654, "35436@N45": 1.4820315837860107, "49207@N9": 557.9772479534149, "47734@N37": 231.68085265159607, "4942@N15": 412.91110610961914, "22792@N69": 17.009506225585938, "18994@N79": 148.24775981903076, "15461@N52": 392.54895067214966, "23274@N34": 56.71504735946655, "3911@N31": 164.95276737213135, "22865@N69": 54.377915143966675, "22957@N88": 163.17113876342773, "38502@N20": 11.35059642791748, "31431@N10": 80.17839550971985, "43721@N46": 145.77776837348938, "33524@N39": 99.38312292098999, "25898@N2": 1421.0894622802734, "55405@N4": 162.1160843372345, "26263@N43": 118.57817840576172, "29942@N86": 246.91575002670288, "25991@N24": 54.332523345947266, "25535@N90": 191.45132517814636, "10749@N6": 23.019070625305176, "35756@N20": 205.95212864875793, "46873@N31": 43.341206312179565, "34081@N17": 21.502379894256592, "47462@N92": 89.86932873725891, "50142@N86": 1102.5686700344086, "25301@N42": 207.04699230194092, "29339@N79": 11.777687311172485, "29603@N52": 106.04702353477478, "31543@N61": 210.02995538711548, "30745@N20": 420.27452301979065, "45357@N27": 111.39759969711304, "16319@N29": 621.974015712738, "23965@N3": 511.85728645324707, "15040@N87": 151.91370511054993, "45201@N83": 38.306535959243774, "21032@N63": 58.62040615081787, "46339@N38": 86.15212774276733, "28473@N60": 184.90635228157043, "42543@N97": 67.11958289146423, "35999@N29": 68.6904125213623, "32356@N66": 233.73492240905762, "31405@N78": 172.90017127990723, "62322@N94": 115.55223155021667, "11974@N47": 105.45376133918762, "22592@N41": 834.5461912155151, "70715@N87": 50.5506055355072, "44916@N75": 29.648043394088745, "16630@N26": 256.27509808540344, "34343@N89": 174.45440435409546, "45400@N73": 1009.0685982704163, "30049@N9": 116.65189862251282, "22722@N83": 227.5606062412262, "60519@N0": 2930.857393503189, "25926@N90": 150.74544167518616, "28522@N62": 350.13690185546875, "21957@N20": 158.95515036582947, "30797@N61": 85.28187370300293, "22639@N48": 112.55108547210693, "45937@N96": 81.56409001350403, "40839@N16": 8.37265944480896, "96071@N46": 76.92622947692871, "65801@N99": 181.4310691356659, "22702@N45": 52.06411600112915, "25704@N86": 127.44748997688293, "26946@N54": 285.4960024356842, "40636@N83": 148.31643319129944, "49538@N8": 161.14359521865845, "39157@N89": 145.55415058135986, "86483@N16": 234.32278966903687, "47779@N96": 619.7030193805695, "66832@N48": 107.04229784011841, "58541@N91": 39.79984784126282, "9857@N75": 116.23027443885803, "36743@N91": 119.61288404464722, "30820@N66": 313.77177810668945, "32514@N81": 153.66038584709167, "6552@N42": 308.49748182296753, "27646@N85": 77.45999884605408, "35517@N79": 39.231812477111816, "42506@N89": 132.5968475341797, "32731@N37": 158.8118999004364, "28552@N91": 293.6465723514557, "9914@N58": 19.198331594467163, "42248@N78": 867.4274578094482, "27567@N19": 488.20505571365356, "23804@N79": 123.43266177177429, "38503@N32": 80.84123682975769, "29644@N85": 102.62539935112, "48383@N16": 841.3039884567261, "16845@N80": 582.3017435073853, "31253@N15": 753.7869591712952, "31465@N18": 126.74982404708862, "23175@N26": 245.80452013015747, "30082@N98": 366.4626352787018, "15692@N64": 4675.153584957123, "44801@N60": 102.66375160217285, "1516@N45": 370.04400062561035, "14057@N57": 18.35378074645996, "14964@N63": 263.0114891529083, "33410@N22": 57.35407209396362, "63111@N36": 257.88463068008423, "33238@N34": 20.567325115203857, "25918@N25": 144.1612434387207, "73338@N76": 355.8296535015106, "47500@N4": 66.62795615196228, "22750@N91": 180.09780621528625, "15758@N49": 154.12743020057678, "34511@N73": 233.75970363616943, "27566@N35": 153.78917932510376, "10435@N76": 238.78722882270813, "35953@N38": 164.05118870735168, "42134@N23": 87.90035104751587, "64943@N3": 52.04094576835632, "30107@N44": 680.170426607132, "25600@N20": 385.38942527770996, "26009@N78": 94.65677785873413, "32431@N46": 341.8122706413269, "24182@N55": 325.15567326545715, "34116@N99": 386.31342601776123, "35845@N20": 321.6175835132599, "31570@N24": 52.6877498626709, "15828@N31": 474.530490398407, "29548@N80": 350.19269251823425, "28318@N8": 260.432247877121, "26037@N82": 17.838797569274902, "43142@N25": 116.21664357185364, "22993@N80": 2.3679733276367188, "44570@N75": 55.41271686553955, "31174@N7": 80.9668345451355, "36824@N92": 225.99105381965637, "27794@N91": 211.32828211784363, "40231@N78": 47.897162199020386, "4044@N58": 313.57571721076965, "total": 58294.98075771332, "6368@N51": 80.73324012756348, "37088@N31": 109.8590931892395, "26382@N85": 315.8140616416931, "2876@N21": 1348.3330986499786, "29915@N26": 152.0947368144989, "37936@N48": 622.7698860168457, "53142@N45": 102.83842825889587, "36565@N65": 50.15584373474121, "29275@N48": 384.73812341690063, "20585@N53": 237.6394681930542, "20524@N34": 167.70768666267395, "28906@N6": 1522.4186916351318, "28221@N53": 737.6642150878906, "74707@N88": 101.62814807891846, "24511@N37": 80.51673817634583, "3175@N73": 129.41279983520508, "12932@N68": 93.77121257781982, "4352@N69": 3810.1450390815735, "18100@N52": 522.9238059520721, "29912@N45": 218.21234488487244, "28246@N42": 152.97106075286865, "23913@N97": 80.48755049705505, "30769@N99": 294.0613007545471, "26201@N60": 43.32419753074646, "22037@N21": 324.67713594436646, "22280@N91": 201.77115559577942, "39893@N30": 29.563115119934082, "32972@N79": 109.9228196144104, "1513@N24": 138.3549039363861, "34102@N26": 105.26849865913391}